"sexo";"edad";"peso";"talla"
"hembra";5,42;23;120,5
"hembra";5,5;24,5;122
"hembra";5,5;18;113
"hembra";5,58;20,5;110
"hembra";5,83;26;134,2
"varon";5,83;20;121,5
"varon";6;20;113,8
"varon";6;20;116,6
"hembra";6,08;18;112
"hembra";6,08;18;116
"hembra";6,25;20;110,7
"varon";6,25;17;110,7
"hembra";6,25;23,5;118,1
"varon";6,25;23;112,8
"varon";6,33;26,5;125,9
"hembra";6,33;27;126,5
"hembra";6,33;25,5;120,7
"varon";6,42;22,5;116,6
"varon";6,42;36,5;125,5
"varon";6,42;18,5;115,7
"hembra";6,42;37,5;120,4
"varon";6,42;22;117,6
"varon";6,42;23;121,2
"hembra";6,42;19;115,6
"hembra";6,5;31;122,6
"varon";6,5;22;120,6
"varon";6,58;23;120,1
"hembra";6,58;20;116
"hembra";6,58;23,5;120
"hembra";6,58;25,5;119,3
"hembra";6,58;19,5;114
"varon";6,67;19;114,9
"hembra";6,67;28,5;126,1
"varon";6,67;37;127,7
"hembra";6,67;20,5;116,5
"varon";6,67;19;122,2
"hembra";6,67;26;124
"hembra";6,75;28;120,8
"hembra";6,75;19;117,5
"hembra";6,75;20;119
"hembra";6,75;20,5;115,6
"varon";6,75;17;121,1
"varon";6,75;20;120,9
"varon";6,75;23,5;123,8
"hembra";6,75;20,5;119
"hembra";6,83;18,5;120
"hembra";6,83;21;117,2
"hembra";6,83;21;116
"varon";6,83;22,5;116
"varon";6,83;23;125
"varon";6,83;20;119,1
"varon";6,83;24;127,2
"hembra";6,83;22;121,3
"varon";6,83;22,5;118,3
"varon";6,83;27;127,9
"hembra";6,83;24,5;120
"hembra";6,92;22,5;121,2
"hembra";6,92;26;129,5
"varon";6,92;28;126,6
"hembra";6,92;28;125
"hembra";6,92;24;123
"varon";6,92;30;139,2
"varon";7;21,5;118,6
"hembra";7;24;121,8
"varon";7;22,5;121
"hembra";7;24,5;118,2
"varon";7,08;23,5;124,4
"hembra";7,08;28,5;124
"varon";7,08;20;116,7
"varon";7,08;24;127
"hembra";7,08;24;126,8
"varon";7,08;23,5;126,1
"hembra";7,08;26;124,2
"varon";7,08;27;128
"varon";7,08;21,5;118,1
"hembra";7,08;23;119,8
"hembra";7,08;21,5;123,2
"hembra";7,17;24;119,5
"varon";7,17;31;127,6
"varon";7,17;20,5;118,7
"hembra";7,17;25,5;124
"varon";7,17;27;132,2
"hembra";7,17;29;127,7
"hembra";7,17;23;123,8
"varon";7,17;20;120,5
"hembra";7,25;22;121
"varon";7,25;24;123,6
"varon";7,25;21;117,5
"hembra";7,25;20,5;123,2
"varon";7,25;18,5;111
"hembra";7,25;29;127,7
"hembra";7,25;21,5;123,2
"varon";7,25;22;119,9
"varon";7,25;21;119,3
"hembra";7,25;22,5;124,3
"hembra";7,25;26;134
"hembra";7,33;23,5;121,2
"hembra";7,33;25;123,6
"hembra";7,33;20,5;122,7
"hembra";7,33;25;131
"varon";7,33;20;125,6
"hembra";7,33;30;129,5
"hembra";7,42;30;126
"varon";7,42;28,5;124,7
"hembra";7,42;17;111
"varon";7,42;21;123,4
"hembra";7,42;25;128
"varon";7,42;30;135,5
"varon";7,42;21;120,8
"varon";7,42;32;126,6
"varon";7,5;28;126,3
"hembra";7,5;21;117
"varon";7,5;22;123,1
"varon";7,5;25;123,3
"varon";7,5;20;118,5
"hembra";7,5;21;122
"varon";7,58;24;126,6
"hembra";7,58;20;116
"varon";7,58;22;125,7
"hembra";7,58;29;132
"varon";7,58;18;115,4
"hembra";7,58;27,5;123,6
"hembra";7,58;22,5;117,2
"hembra";7,67;21;125,5
"varon";7,67;20;118,4
"hembra";7,67;25;120,5
"hembra";7,67;21;120,9
"varon";7,67;35;133,5
"varon";7,67;41;137,2
"varon";7,67;23,5;123,9
"varon";7,75;25;127,3
"hembra";7,75;18;117,7
"hembra";7,75;27;126,9
"varon";7,75;25;126,3
"hembra";7,75;38;135,3
"varon";7,75;25;124
"hembra";7,83;21,5;120,8
"hembra";7,83;23;119,5
"varon";7,83;26,5;127,4
"varon";7,83;24;124,5
"hembra";7,83;19,5;120,4
"varon";7,83;23,5;127,1
"varon";7,83;33;138,5
"varon";7,83;27;130,9
"hembra";7,92;25;121,1
"hembra";7,92;21,5;125
"varon";7,92;34;133,8
"hembra";7,92;20;125
"varon";7,92;29;131,8
"varon";8;26;130,6
"varon";8;30,5;139,9
"varon";8;39;137,1
"varon";8;35;131,8
"varon";8;29,5;130,2
"hembra";8;22,5;121,1
"varon";8,08;25;125,6
"varon";8,08;27,5;123,9
"hembra";8,08;24;119,1
"varon";8,08;33;136,6
"varon";8,08;23;123,3
"varon";8,08;21,5;119,6
"hembra";8,17;36;131,7
"hembra";8,17;24,5;126,5
"varon";8,17;26,5;130,7
"hembra";8,17;33;138,4
"varon";8,17;27;124,6
"hembra";8,17;31;127,2
"hembra";8,17;25;119,5
"hembra";8,17;26,5;130,7
"varon";8,17;23,5;127,1
"hembra";8,17;27;133
"varon";8,17;37;129,1
"varon";8,25;25;122,1
"hembra";8,25;23,5;122,5
"varon";8,25;26;125,7
"hembra";8,25;31;137
"hembra";8,25;26;129,5
"hembra";8,25;41,5;138,5
"varon";8,25;37;134,9
"varon";8,25;24;129,5
"hembra";8,25;24;119,7
"varon";8,25;25;127
"hembra";8,25;25;126
"varon";8,25;26;132,7
"hembra";8,33;21;125,2
"varon";8,33;25,5;125,6
"varon";8,33;31;138,4
"varon";8,33;26,5;126,3
"varon";8,33;32,5;134,4
"varon";8,33;26;127,7
"hembra";8,33;28,5;126,2
"varon";8,33;24;119,9
"varon";8,33;26;125,7
"hembra";8,33;32;133,5
"varon";8,33;27;131,1
"varon";8,33;28;133,9
"hembra";8,33;21;122,5
"varon";8,33;22;122,6
"varon";8,42;34;136,8
"hembra";8,42;27,5;126,1
"varon";8,42;25;127
"hembra";8,42;31;134
"varon";8,42;22;123,8
"hembra";8,42;25;125,5
"hembra";8,42;26;128,1
"hembra";8,42;23;124,3
"hembra";8,42;25;115,7
"hembra";8,42;32;128,5
"varon";8,42;26;128,8
"hembra";8,5;25;127,2
"varon";8,5;30;134,9
"hembra";8,5;22,5;128,7
"varon";8,5;37;134,9
"hembra";8,5;25,5;122
"varon";8,5;26;133
"hembra";8,5;29;127,1
"hembra";8,5;30,5;126,8
"varon";8,5;23;117,9
"varon";8,5;26,5;125,2
"hembra";8,58;21,5;127
"varon";8,58;37,5;140
"varon";8,58;37;140,5
"hembra";8,58;31;133
"hembra";8,58;31,5;128
"varon";8,58;33;140
"hembra";8,67;29;131,6
"hembra";8,67;33;135
"hembra";8,67;34;134
"varon";8,67;30;136
"varon";8,67;45;141,6
"varon";8,67;27,5;131,9
"hembra";8,67;30;126
"varon";8,67;33,5;141,2
"hembra";8,67;24,5;129
"varon";8,67;27;128,9
"hembra";8,67;31;134
"varon";8,75;31;141,1
"hembra";8,75;30,5;141
"varon";8,75;28,5;133,2
"hembra";8,75;46,5;145
"hembra";8,75;25;126,5
"hembra";8,83;30;135
"hembra";8,83;19;116
"varon";8,83;36;144,3
"hembra";8,83;31,5;128,9
"varon";8,83;20;126,4
"hembra";8,83;28,5;132,4
"hembra";8,83;28;139
"varon";8,83;32,5;136
"hembra";8,83;26,5;134,4
"hembra";8,83;21,5;122
"varon";8,92;31;139,4
"hembra";8,92;32,5;130,6
"hembra";8,92;28,5;130,5
"hembra";8,92;26;127,5
"varon";8,92;30;131,4
"varon";8,92;30;136,4
"hembra";8,92;32,5;138,3
"hembra";8,92;28,5;135,5
"varon";8,92;29;138,5
"varon";8,92;25;131,6
"varon";9;34;144,3
"varon";9;39,5;146,5
"hembra";9;26;130,1
"varon";9;27;129,1
"varon";9;25,5;130,2
"varon";9;23,5;130,1
"varon";9;20;120,2
"varon";9;40;136,8
"hembra";9;26;127,9
"varon";9;32;133,1
"hembra";9;25,5;120,4
"hembra";9;29;139
"varon";9;31,5;132,2
"hembra";9,08;26;133
"hembra";9,08;27;132,6
"hembra";9,08;32;129
"hembra";9,08;25;131,1
"varon";9,08;34,5;139,3
"varon";9,08;25;125,7
"hembra";9,08;29;131,3
"hembra";9,08;33;134,5
"hembra";9,08;31;139
"hembra";9,08;33,5;131,6
"hembra";9,08;33,5;132,8
"hembra";9,17;26,5;126,8
"varon";9,17;24;126,2
"varon";9,17;22;117,5
"varon";9,17;30;132,2
"hembra";9,17;25;124,7
"hembra";9,17;29,5;137,5
"varon";9,17;26;130,2
"hembra";9,17;43,5;149
"hembra";9,17;43;138
"varon";9,17;36;135,1
"varon";9,17;27,5;136,9
"varon";9,17;34;135,6
"hembra";9,25;25;132,2
"varon";9,25;32,5;141,1
"hembra";9,25;29;138,4
"hembra";9,25;27;127,6
"hembra";9,25;23;128,8
"hembra";9,25;24,5;126,3
"hembra";9,25;37;141,4
"hembra";9,25;22,5;125,5
"hembra";9,25;22,5;129,4
"varon";9,25;34;141,8
"hembra";9,25;24;130,4
"varon";9,33;28;128,3
"varon";9,33;26,5;137,7
"varon";9,33;26;128,5
"hembra";9,33;32,5;141,6
"varon";9,33;26,5;140,1
"varon";9,33;30;134,8
"varon";9,33;42;137
"varon";9,33;33;136
"hembra";9,33;32,5;129,5
"hembra";9,33;48,5;131,9
"varon";9,33;29;132,2
"varon";9,33;26,5;135,2
"hembra";9,33;26;130,8
"varon";9,33;31,5;138,4
"varon";9,33;31,5;134,9
"varon";9,33;32;137,1
"hembra";9,33;23,5;123,4
"varon";9,33;28,5;133,8
"varon";9,42;24;130,6
"hembra";9,42;27;128,5
"varon";9,42;31;134,3
"hembra";9,42;32;137,2
"hembra";9,42;29;128
"hembra";9,42;36;138,1
"varon";9,42;25;123,8
"varon";9,42;57,5;152,2
"hembra";9,42;31;132
"varon";9,42;33;135,2
"hembra";9,42;30;136,8
"varon";9,42;25;130,2
"varon";9,5;26;135,9
"varon";9,5;27,5;132,5
"hembra";9,5;32;142,6
"varon";9,5;33;137,3
"varon";9,5;31,5;135,4
"varon";9,5;28,5;129,1
"varon";9,5;35;143,7
"hembra";9,5;37;133,7
"varon";9,5;22;127,9
"varon";9,5;36;143,2
"hembra";9,5;36;138,2
"hembra";9,5;26;125,5
"varon";9,58;23,5;129
"hembra";9,58;44,5;134,5
"hembra";9,58;30;133
"hembra";9,58;34,5;136
"hembra";9,58;28;139,4
"varon";9,58;34,5;142,5
"varon";9,58;25;135,2
"hembra";9,58;38,5;129,5
"hembra";9,58;26;132,2
"hembra";9,58;29;131,5
"varon";9,58;25;145
"varon";9,58;26;133,2
"varon";9,58;24;128
"hembra";9,58;23;130
"hembra";9,58;32;138,5
"varon";9,67;33,5;147,7
"hembra";9,67;26,6;132,2
"varon";9,67;29,5;138,3
"varon";9,67;30,5;132,4
"varon";9,67;34;147,2
"varon";9,67;32;134,5
"varon";9,67;31;143
"hembra";9,67;32;131,3
"hembra";9,67;17,5;121
"hembra";9,67;23;127,6
"varon";9,67;27;131,8
"varon";9,67;39;135,8
"varon";9,67;42;150,9
"varon";9,75;30;140,6
"hembra";9,75;32,5;137,2
"varon";9,75;25;135
"hembra";9,75;23;126,2
"hembra";9,75;29;136,8
"varon";9,75;31;140,5
"hembra";9,75;31;135,8
"varon";9,75;29,5;139,4
"hembra";9,75;35,5;135
"hembra";9,75;32;137,5
"hembra";9,75;33;126,5
"varon";9,75;25;132,8
"hembra";9,75;34;142,6
"hembra";9,83;29;141,8
"varon";9,83;38;137,9
"varon";9,83;51;155,4
"varon";9,83;31;140,1
"hembra";9,83;30;135,6
"hembra";9,83;25;130,5
"hembra";9,83;37,5;139,1
"hembra";9,83;30;135,4
"varon";9,83;30,5;138,9
"varon";9,83;27;130,4
"varon";9,83;38,5;140,7
"varon";9,83;33;138,7
"hembra";9,83;31;135
"hembra";9,83;38;135,2
"hembra";9,83;31,5;136,8
"varon";9,83;33,5;137
"varon";9,83;37;140,9
"varon";9,83;36,5;144,8
"hembra";9,83;40,5;144,4
"hembra";9,83;33;136,2
"hembra";9,92;31;134,2
"varon";9,92;27;133
"hembra";9,92;37;140,5
"hembra";9,92;27;139,4
"varon";9,92;35;139,4
"varon";9,92;32;145
"hembra";9,92;25;135,5
"varon";9,92;20;122,9
"varon";9,92;34;146
"hembra";9,92;36,5;142
"varon";9,92;34,5;142,1
"varon";9,92;32;128,4
"varon";9,92;39,5;149,1
"hembra";9,92;29,5;136,2
"varon";9,92;33,5;138,3
"hembra";9,92;32;140,5
"hembra";9,92;38,5;144,7
"hembra";9,92;29,5;139,3
"hembra";9,92;28,5;136,4
"hembra";10;30;128,4
"varon";10;24;129,8
"hembra";10;34,5;134,5
"hembra";10;36;146,2
"hembra";10;25;135,5
"varon";10;26;132,4
"varon";10;32;132,8
"varon";10;32,5;135,8
"hembra";10;37;140,4
"hembra";10;34;135
"hembra";10;38;137,1
"hembra";10;36,5;144,2
"varon";10;38;127,1
"hembra";10;29,5;126,2
"hembra";10;31,5;142
"varon";10;25;137,2
"varon";10;37;150,3
"varon";10;34;133,3
"varon";10;48,5;147,6
"varon";10;50;140,8
"hembra";10;25;136,8
"varon";10,08;42,5;144,2
"varon";10,08;36,5;140,7
"varon";10,08;35;134,7
"varon";10,08;29,5;140,5
"hembra";10,08;29,5;134,4
"varon";10,08;37,5;144,8
"hembra";10,08;36,5;148,5
"varon";10,08;29;138
"varon";10,08;47;144,1
"hembra";10,08;31;137
"varon";10,08;48;157,1
"varon";10,08;26,5;139,9
"varon";10,08;27,5;137
"varon";10,08;32;138,8
"hembra";10,08;37;132,2
"varon";10,08;51,5;153,5
"varon";10,08;28;132,5
"varon";10,17;31;141,7
"hembra";10,17;31;143,9
"varon";10,17;34;141,1
"varon";10,17;31;134,9
"hembra";10,17;28,5;131
"hembra";10,17;34;133,2
"hembra";10,17;32;138,5
"hembra";10,17;42;143
"hembra";10,17;40;141
"hembra";10,17;33;136,9
"hembra";10,17;34,5;139,6
"hembra";10,17;28,5;136,5
"hembra";10,17;35;140,5
"varon";10,17;40;142,5
"varon";10,17;26,5;133,9
"hembra";10,25;30;136
"hembra";10,25;29;136,5
"varon";10,25;41;146,2
"varon";10,25;38,5;136,9
"varon";10,25;30;137,9
"hembra";10,25;39;144,6
"varon";10,25;34;131,8
"varon";10,25;31;134,5
"varon";10,25;46;146
"hembra";10,25;54;154
"varon";10,25;28;135
"varon";10,25;27;132,3
"hembra";10,33;35,5;133,2
"hembra";10,33;39,5;141,1
"hembra";10,33;45,5;143,6
"varon";10,33;39;148,3
"varon";10,33;40;138,7
"hembra";10,33;41;138,2
"varon";10,33;38;142,2
"hembra";10,33;59,5;168
"hembra";10,33;35;144,2
"hembra";10,33;28,5;136,8
"hembra";10,33;32,5;141
"varon";10,33;39;146
"varon";10,33;23,5;126
"varon";10,33;33;144,2
"hembra";10,42;27;138,6
"varon";10,42;46;150,9
"hembra";10,42;38;137,5
"varon";10,42;39;146,3
"hembra";10,42;32;145
"varon";10,42;40;148,7
"varon";10,42;35;133,8
"varon";10,42;31;146
"hembra";10,42;24;129,2
"varon";10,42;54,5;149,3
"varon";10,42;50;147,7
"varon";10,42;33,5;134,3
"varon";10,42;32;148,9
"hembra";10,5;39;138,3
"varon";10,5;39;135,3
"hembra";10,5;33;131,6
"hembra";10,5;49;140,5
"hembra";10,5;31;128
"hembra";10,5;33,5;138,5
"hembra";10,5;44;149
"varon";10,5;31;138,3
"hembra";10,5;32;131,5
"hembra";10,5;28,5;141,9
"hembra";10,5;30;138,2
"hembra";10,5;42;133,5
"hembra";10,58;31;149
"hembra";10,58;30;136,1
"varon";10,58;39,5;146,5
"hembra";10,58;32;131,5
"varon";10,58;50;148,1
"hembra";10,58;51,5;151,4
"varon";10,58;46,5;150,4
"varon";10,58;30;132
"hembra";10,58;25,5;131
"hembra";10,58;35,5;141,5
"varon";10,58;26;132,2
"varon";10,58;38;134
"varon";10,58;49;137,9
"varon";10,67;31;133,9
"varon";10,67;30;140,5
"varon";10,67;33;142,5
"hembra";10,67;40;134,8
"varon";10,67;36;146,3
"varon";10,67;38;146,4
"varon";10,67;46;145,9
"hembra";10,67;44,5;142,7
"varon";10,67;43;142,9
"hembra";10,67;34;142,9
"hembra";10,67;30,5;138
"hembra";10,67;62;164,5
"hembra";10,67;42,5;145,6
"varon";10,67;32;138,4
"hembra";10,75;35,5;148,5
"varon";10,75;36,5;144,7
"varon";10,75;30;136,8
"varon";10,75;31;143,7
"hembra";10,75;34,5;148,9
"hembra";10,75;42;143,4
"hembra";10,75;36;144,6
"varon";10,75;32,5;137,3
"hembra";10,75;36,5;144,8
"varon";10,75;36;147,9
"hembra";10,75;52,5;145
"hembra";10,75;50;137,5
"hembra";10,75;35;132,3
"varon";10,75;36,5;139,4
"varon";10,75;41;150,6
"varon";10,75;35;147,1
"varon";10,75;31;137,9
"varon";10,75;28;138,3
"hembra";10,75;44,5;151,8
"varon";10,75;32,5;140,8
"varon";10,83;35;145,5
"hembra";10,83;44;138,4
"varon";10,83;31;137,7
"varon";10,83;51;149,7
"varon";10,83;28;139,6
"hembra";10,83;32;147,3
"hembra";10,83;29;135,4
"varon";10,83;33,5;145,3
"hembra";10,83;32,5;145,8
"hembra";10,83;30;138,3
"hembra";10,83;31,5;149
"varon";10,83;36,5;148,9
"varon";10,83;26;136,6
"varon";10,83;35;135,6
"varon";10,83;41;148,6
"hembra";10,83;38;142
"hembra";10,83;39;151,4
"hembra";10,83;45;146
"hembra";10,83;40,5;143,5
"hembra";10,83;36,5;138
"hembra";10,92;41,5;141,5
"hembra";10,92;43,5;143,9
"varon";10,92;28;138,7
"varon";10,92;48;150,3
"varon";10,92;34;136,6
"varon";10,92;34;145,6
"varon";10,92;39;141,9
"hembra";10,92;44;148
"varon";10,92;31,5;142,9
"hembra";10,92;48;151,5
"varon";10,92;29;130,9
"hembra";10,92;36,5;142,1
"varon";10,92;34;139,4
"varon";11;43;149,2
"varon";11;40;152,5
"varon";11;28;130,8
"hembra";11;36;143,7
"varon";11;36,5;141,6
"hembra";11;31,5;140
"hembra";11;36;144,6
"varon";11;32;140,5
"hembra";11;42,5;144,2
"hembra";11;31;141,8
"varon";11;30,5;141,9
"varon";11,08;32;140
"hembra";11,08;42,5;149,2
"varon";11,08;49;152,8
"varon";11,08;28;136,5
"hembra";11,08;30;136,7
"hembra";11,08;41;142,8
"varon";11,08;41;151,2
"varon";11,08;39;140,1
"varon";11,08;37,5;146,9
"hembra";11,08;42;148,5
"hembra";11,08;35,5;136,1
"varon";11,08;38;143,5
"hembra";11,08;42;153,5
"varon";11,17;48;148,1
"varon";11,17;41;149,7
"varon";11,17;33;140,5
"hembra";11,17;40;140,4
"hembra";11,17;39;137
"hembra";11,17;37,5;146,6
"hembra";11,17;43;146
"hembra";11,17;30;141
"hembra";11,17;25;137,6
"hembra";11,17;56;148,3
"varon";11,17;29;130,6
"varon";11,17;49;153,6
"varon";11,17;43;143,7
"hembra";11,17;35;154
"hembra";11,17;45;140,1
"hembra";11,25;36;143,5
"hembra";11,25;34;139,3
"varon";11,25;39;144,1
"varon";11,25;44;153,8
"hembra";11,25;33,5;140,5
"hembra";11,25;41,5;140,7
"varon";11,25;32;141,4
"varon";11,25;29;135,1
"varon";11,25;45;147,1
"varon";11,33;37;148,8
"varon";11,33;30;139,1
"varon";11,33;32;139,3
"hembra";11,33;41;148
"hembra";11,33;45;150
"hembra";11,33;35,5;140,6
"hembra";11,33;27;139,3
"hembra";11,33;36;147,1
"varon";11,33;28;132,1
"hembra";11,33;38;151,2
"hembra";11,33;26,5;130
"hembra";11,33;47;147,4
"varon";11,33;30;140,4
"varon";11,33;36;144,7
"hembra";11,33;31;143,4
"varon";11,33;26,5;132,7
"hembra";11,42;38,5;149
"hembra";11,42;36,5;143,4
"varon";11,42;34;146
"hembra";11,42;52,5;157,5
"hembra";11,42;45;140,8
"varon";11,42;35;137,6
"varon";11,42;43,5;151,1
"hembra";11,42;43;140
"hembra";11,42;40,5;142,3
"hembra";11,42;38,5;140,5
"hembra";11,42;39,5;135,2
"varon";11,42;33;141,9
"hembra";11,42;31;139,3
"hembra";11,42;30;137,2
"hembra";11,42;44;147,3
"varon";11,42;31;139
"varon";11,42;31;134,8
"varon";11,42;32;135,7
"hembra";11,5;27;148
"hembra";11,5;48,5;156
"varon";11,5;37;142,6
"hembra";11,5;38,5;142,3
"varon";11,5;31;140,4
"hembra";11,5;34,5;140
"varon";11,5;35;163
"hembra";11,5;45;147,3
"varon";11,5;44,5;150,3
"varon";11,5;38;145,2
"varon";11,5;36;142,3
"varon";11,5;33;145,3
"varon";11,5;60;151,4
"hembra";11,5;57;162
"hembra";11,5;36,5;142,6
"varon";11,5;39,5;137,7
"varon";11,5;46;145,9
"hembra";11,5;58;165,3
"hembra";11,5;53;157
"varon";11,5;50;148,3
"hembra";11,58;61;160,5
"varon";11,58;38;146,8
"hembra";11,58;55;150,5
"hembra";11,58;37;144,3
"hembra";11,58;37,5;143,5
"hembra";11,67;54,5;158,5
"hembra";11,67;35;148,4
"varon";11,67;34;143,7
"varon";11,67;46;146,2
"hembra";11,67;34,5;149
"varon";11,67;37;145,5
"varon";11,67;34;142,5
"varon";11,67;35;137
"varon";11,67;42;146,2
"varon";11,67;38;144,3
"hembra";11,67;36,5;142,5
"varon";11,67;41;151
"hembra";11,75;28;136,5
"hembra";11,75;29;139,8
"varon";11,75;28;140,3
"hembra";11,75;38;148,2
"varon";11,75;55,5;161,6
"varon";11,75;34,5;148,7
"varon";11,75;35;146,5
"varon";11,75;59;160
"hembra";11,75;37;146,4
"varon";11,75;37;147,5
"hembra";11,75;47,5;150,3
"hembra";11,75;32;138,2
"varon";11,75;38;150,8
"varon";11,75;41;158,2
"hembra";11,75;36,5;149,4
"varon";11,75;32;146,4
"hembra";11,75;40,5;150,6
"varon";11,75;32;138,5
"hembra";11,83;54,5;155,7
"varon";11,83;45;144,5
"varon";11,83;36;148
"varon";11,83;31,5;138,5
"varon";11,83;39;142,6
"varon";11,83;30;143,7
"varon";11,83;34;147,2
"hembra";11,83;31;138
"hembra";11,83;29,5;139,5
"hembra";11,83;37;150
"varon";11,83;34,5;144,6
"varon";11,83;38,5;137
"varon";11,83;36;141,1
"varon";11,83;36;147
"varon";11,83;30;142,5
"hembra";11,83;33;145
"varon";11,83;35;148
"varon";11,83;29;138,4
"varon";11,92;37,5;148,2
"hembra";11,92;40;143,4
"varon";11,92;53,5;147,2
"varon";11,92;31,5;145,2
"hembra";11,92;39;150
"varon";11,92;36,5;145,5
"hembra";11,92;58,5;144,5
"varon";11,92;27,5;139,1
"hembra";11,92;31;142,5
"varon";11,92;45;143,3
"hembra";11,92;37;143
"hembra";11,92;40,5;144,1
"hembra";11,92;36,5;144,8
"varon";11,92;45,5;149,7
"varon";11,92;37;148,2
"varon";12;36,5;147,6
"varon";12;33;148,7
"varon";12;32;139,1
"varon";12;35;151,8
"varon";12;36;146,5
"varon";12;39;147,4
"varon";12;45;147,6
"hembra";12;46,5;152
"varon";12;30;133,1
"varon";12;43,5;151,1
"varon";12;45;148,7
"varon";12;40;148,6
"hembra";12;29;147
"hembra";12;45;139,2
"varon";12;41;153,5
"varon";12,08;31,5;139
"varon";12,08;32;136,7
"hembra";12,08;52,5;151,8
"hembra";12,08;38,5;145,2
"varon";12,08;37,5;144,8
"hembra";12,08;36,5;150,5
"varon";12,08;38,5;157
"hembra";12,08;37;149,6
"varon";12,08;46;151,5
"hembra";12,08;38;142,9
"varon";12,08;30;140,7
"varon";12,08;45;153,5
"hembra";12,08;36;146,6
"hembra";12,08;26;144,5
"varon";12,08;35;146,1
"varon";12,08;39,5;157,1
"varon";12,08;41;151,5
"varon";12,08;27;131,5
"hembra";12,08;28,5;134,9
"hembra";12,08;40;141,9
"hembra";12,17;41;153,7
"varon";12,17;35;145
"hembra";12,17;44,5;153,7
"varon";12,17;44;153
"varon";12,17;31;135,4
"hembra";12,17;52;156,1
"hembra";12,17;36;151,2
"varon";12,17;33,5;145,4
"hembra";12,17;53,5;150
"hembra";12,17;37;148
"hembra";12,17;56;157,5
"varon";12,17;45;162,9
"hembra";12,17;37;148,2
"varon";12,17;36;134
"varon";12,17;33;148,4
"varon";12,17;52;167,2
"varon";12,17;53;157,6
"varon";12,17;38;146,5
"varon";12,17;48;149
"hembra";12,17;28;149,9
"hembra";12,17;36,5;155,4
"hembra";12,17;33;145
"hembra";12,17;40;146,3
"hembra";12,17;51;153,3
"varon";12,25;43,5;147,5
"varon";12,25;34;145
"hembra";12,25;41,5;147
"varon";12,25;53;155,1
"varon";12,25;40,5;151,1
"hembra";12,25;62,5;143,6
"varon";12,25;61,5;165,8
"varon";12,25;48,5;153,5
"hembra";12,25;43;152,5
"hembra";12,33;43,5;157
"varon";12,33;41;152,2
"hembra";12,33;58,5;155,7
"varon";12,33;55;152,4
"hembra";12,33;53,5;151,5
"varon";12,33;35;147
"hembra";12,33;58,5;157
"hembra";12,33;55;161,2
"hembra";12,33;50;151,5
"varon";12,33;41;155,9
"hembra";12,33;34,5;146,5
"varon";12,33;48;149,4
"hembra";12,33;52;154,8
"hembra";12,33;41,5;148,6
"hembra";12,33;52,5;154,2
"hembra";12,33;59;154,7
"hembra";12,33;35,5;147,3
"hembra";12,33;35,5;147,7
"varon";12,33;37,5;148,4
"varon";12,33;58,5;153
"varon";12,33;43,5;157,4
"varon";12,42;35;148,9
"varon";12,42;38,5;147,7
"hembra";12,42;57;158,5
"varon";12,42;34;136,4
"varon";12,42;40,5;147,2
"varon";12,42;36;141
"varon";12,42;41;144,2
"varon";12,42;50;154,2
"hembra";12,42;47;158,2
"hembra";12,42;34;142
"varon";12,42;39;153,4
"hembra";12,42;42;144,8
"varon";12,42;35,5;151
"hembra";12,5;45;155,4
"varon";12,5;40;143,4
"hembra";12,5;44,5;151
"varon";12,5;47;153,2
"hembra";12,5;45;152,7
"varon";12,5;45;155,1
"varon";12,5;40;150,7
"hembra";12,5;70;164,2
"hembra";12,5;30;139,3
"hembra";12,5;62;169,5
"hembra";12,5;45,5;150,5
"hembra";12,5;36;153
"varon";12,5;38;157
"varon";12,5;44;156
"varon";12,5;45;157,8
"varon";12,5;48;161,2
"varon";12,5;43,5;151,1
"hembra";12,58;37;157,4
"hembra";12,58;46,5;143,7
"varon";12,58;36;151
"varon";12,58;41;157,5
"varon";12,58;33;147
"varon";12,58;40;153
"varon";12,58;31;139
"varon";12,58;39,5;153,5
"hembra";12,58;44;148,5
"varon";12,58;42;148,5
"varon";12,58;41;151,6
"varon";12,58;43,5;150,2
"varon";12,58;40,5;150,5
"varon";12,58;45;154,8
"varon";12,58;43,5;151,9
"varon";12,58;39;144,4
"varon";12,58;46;162,8
"hembra";12,58;57;155,4
"varon";12,58;65,5;173,9
"hembra";12,58;40;150,5
"hembra";12,67;48;151
"varon";12,67;47;152,4
"hembra";12,67;65,5;152,6
"hembra";12,67;44;156,5
"hembra";12,67;40,5;150,5
"varon";12,67;38;148,6
"hembra";12,67;37,5;148,7
"varon";12,67;52;152,7
"varon";12,67;61,5;165
"varon";12,67;33,5;142,8
"hembra";12,67;37;144,7
"hembra";12,67;46;155,8
"hembra";12,67;47,5;158,7
"varon";12,67;39;152,6
"hembra";12,67;40,2;155,4
"varon";12,67;34,5;144
"hembra";12,75;59;160,5
"varon";12,75;54;163,8
"varon";12,75;41,5;146,2
"hembra";12,75;37;150,2
"hembra";12,75;63;162,8
"hembra";12,75;57;160,7
"hembra";12,75;55;162
"varon";12,75;41,5;147,1
"varon";12,75;42;147
"varon";12,75;43;152,1
"varon";12,75;43,5;147,6
"hembra";12,75;37;147,3
"varon";12,75;43,5;152,3
"hembra";12,75;54,5;163,5
"varon";12,75;51,5;160,4
"varon";12,75;32,5;142,7
"varon";12,75;36;149,2
"hembra";12,75;43;151
"varon";12,75;32;144,9
"varon";12,83;39;148,7
"hembra";12,83;52;163,5
"hembra";12,83;48;149,8
"hembra";12,83;52,5;168
"varon";12,83;37;144
"hembra";12,83;44,5;161
"hembra";12,83;48,5;162
"hembra";12,83;55;154,5
"varon";12,83;47,5;162,8
"varon";12,83;35;152,7
"varon";12,83;54;155,8
"varon";12,83;45;157,7
"varon";12,83;31;137,4
"varon";12,83;50;155,8
"hembra";12,83;43,5;163,4
"varon";12,83;53,5;164
"varon";12,83;26,5;137,8
"varon";12,92;45;146,5
"varon";12,92;43,5;150,6
"hembra";12,92;53,5;155,7
"hembra";12,92;50;163,5
"hembra";12,92;53;152,2
"varon";12,92;51,5;163,5
"hembra";12,92;50;159,9
"varon";12,92;62;149,9
"hembra";12,92;51;159
"varon";12,92;37;144,8
"hembra";12,92;48,5;148,4
"varon";12,92;51;152,9
"varon";12,92;35;148,7
"varon";12,92;50;156
"hembra";12,92;56;159,2
"hembra";12,92;54;158
"varon";12,92;32,5;142,3
"hembra";12,92;41,5;146,7
"hembra";12,92;48;163
"varon";12,92;39;158
"hembra";12,92;47;156,5
"hembra";12,92;48;154,9
"varon";12,92;38,5;146
"hembra";12,92;61;165,3
"varon";12,92;41;149,7
"varon";13;43,5;164
"hembra";13;41;145
"hembra";13;46;154,8
"varon";13;32,5;144,4
"hembra";13;37,5;149
"hembra";13;45;158
"varon";13;50;163,8
"hembra";13;55;159,4
"hembra";13;45;161
"hembra";13;35;150
"varon";13;61;148,6
"varon";13,08;35;149,4
"hembra";13,08;53;163
"hembra";13,08;48;150,4
"hembra";13,08;43;149
"varon";13,08;35;143
"varon";13,08;44;153,1
"hembra";13,08;43,5;146,7
"hembra";13,08;56;166,9
"hembra";13,08;53;157,1
"hembra";13,08;51;150,1
"hembra";13,08;55;152,3
"hembra";13,08;57,5;158
"hembra";13,08;72;157,5
"varon";13,08;53,5;172,2
"varon";13,08;44,5;161,2
"hembra";13,17;57,5;164,3
"varon";13,17;61;175,3
"hembra";13,17;44;158,2
"hembra";13,17;45,5;146
"hembra";13,17;41;151,2
"varon";13,17;41;158,5
"varon";13,17;38;142,6
"varon";13,17;60;162
"varon";13,17;41;151
"varon";13,17;32;147,6
"hembra";13,17;54;153,4
"hembra";13,17;35,5;150,7
"varon";13,25;61,5;168,9
"hembra";13,25;49;155,4
"hembra";13,25;42;156
"hembra";13,25;36,5;152,5
"varon";13,25;48;155,8
"varon";13,25;40;151,7
"varon";13,25;55;146,6
"hembra";13,25;38,5;156,5
"varon";13,25;48;159,9
"varon";13,25;34,5;152,2
"varon";13,25;28;141,5
"varon";13,33;44;150,3
"varon";13,33;44,5;153,1
"hembra";13,33;68;155
"hembra";13,33;43,5;158,7
"hembra";13,33;54,5;171
"hembra";13,33;42;156
"varon";13,33;42;146,2
"hembra";13,33;48;162,6
"varon";13,33;73;165,9
"hembra";13,33;49;149,8
"varon";13,33;41,5;154,6
"varon";13,42;51;155,2
"varon";13,42;44;143,8
"varon";13,42;60;167
"hembra";13,42;53,5;154,8
"hembra";13,42;55,5;160,5
"hembra";13,42;51;159,4
"varon";13,42;46,5;155,9
"hembra";13,42;48;153,1
"varon";13,42;57,5;162,6
"varon";13,42;55;162,2
"varon";13,42;77,5;156,4
"hembra";13,42;37;148,9
"varon";13,42;46;155,1
"hembra";13,42;54;160,3
"varon";13,42;55;163,7
"varon";13,42;41;154,4
"hembra";13,42;38,5;150,9
"hembra";13,42;50,5;157,2
"varon";13,42;50;157,5
"hembra";13,42;37,5;149,8
"hembra";13,42;56;162,6
"varon";13,42;76;159
"hembra";13,42;60;155,7
"varon";13,5;44;153,7
"hembra";13,5;55,5;157,5
"varon";13,5;65;159,1
"hembra";13,5;48;164
"hembra";13,5;51;152,5
"hembra";13,5;50;155,5
"varon";13,5;46,5;151,4
"varon";13,5;43,5;155
"varon";13,5;52;166,1
"varon";13,5;54;164,4
"hembra";13,5;40,5;151,2
"varon";13,5;45,5;159,4
"hembra";13,58;45,5;162,8
"hembra";13,58;38;147
"varon";13,58;50;159,4
"hembra";13,58;59,5;157,5
"hembra";13,58;57,5;158,5
"hembra";13,58;38,5;144
"varon";13,58;45;163,1
"varon";13,58;45;153,7
"varon";13,58;29;137,7
"hembra";13,58;71;155,2
"hembra";13,58;59;164,6
"varon";13,67;39;149,4
"varon";13,67;49;164,2
"varon";13,67;38;149,8
"varon";13,67;38;149,7
"varon";13,67;50;153,8
"varon";13,67;46;160,5
"hembra";13,67;44;152,8
"varon";13,67;33,5;151,8
"varon";13,67;47;164,3
"varon";13,67;59,5;163,3
"varon";13,67;65;174,9
"hembra";13,67;48;168,5
"hembra";13,67;37,5;158,5
"hembra";13,67;39;153,8
"varon";13,67;73,5;169,8
"hembra";13,67;62,5;158
"hembra";13,67;61,5;158,1
"hembra";13,67;45;152,5
"varon";13,67;47;146
"varon";13,75;43;154,2
"hembra";13,75;58;162,5
"varon";13,75;56,5;167,5
"hembra";13,75;44;152,7
"hembra";13,75;43;159,2
"hembra";13,75;51,5;162,8
"varon";13,75;57,5;157,7
"hembra";13,75;60;150,4
"hembra";13,75;45,5;157,7
"hembra";13,75;51;160,2
"hembra";13,75;56;157,8
"hembra";13,75;38,5;157
"varon";13,75;37,5;147
"varon";13,75;48;164,1
"hembra";13,75;62;171,7
"hembra";13,75;53;159
"varon";13,75;40;140
"varon";13,75;46,5;151,2
"hembra";13,75;47;162,5
"varon";13,75;44;152,2
"hembra";13,75;25;137
"hembra";13,83;53,5;154,5
"varon";13,83;43;156,9
"varon";13,83;42;156,2
"varon";13,83;37,5;145,5
"varon";13,83;57;169,5
"hembra";13,83;43,5;153
"hembra";13,83;37,5;162,5
"varon";13,83;53,5;159,5
"varon";13,83;63,5;171
"hembra";13,83;82;163
"varon";13,83;70;170,9
"hembra";13,83;56;163,1
"hembra";13,83;43;151,3
"hembra";13,92;48;159,2
"hembra";13,92;47;154,5
"varon";13,92;48;163
"hembra";13,92;50;161,2
"hembra";13,92;33;146,6
"varon";13,92;67;170,6
"varon";13,92;67,5;164,6
"varon";13,92;48,5;160,6
"hembra";13,92;40;152,2
"varon";13,92;52;166,7
"hembra";13,92;45,5;150,6
"varon";13,92;63,5;175
"hembra";13,92;45;163,7
"varon";13,92;45;158,2
"varon";13,92;72;173
"varon";13,92;36,5;144
"varon";14;58,5;167,9
"varon";14;43,5;158
"varon";14;69;172,5
"hembra";14;52,5;172,6
"hembra";14;53,5;152,5
"varon";14;54,5;168,1
"varon";14;50;155,6
"hembra";14;59,5;165,6
"varon";14;87;173,5
"varon";14;53,5;165,3
"hembra";14;39,5;146,2
"varon";14;36;139,9
"varon";14;87;178,7
"varon";14;64;169
"hembra";14;45;156,6
"varon";14;40,5;152,5
"varon";14;78;177,9
"hembra";14;40,5;143
"hembra";14;44;167,3
"varon";14;53,5;171,8
"hembra";14;53,5;149,9
"varon";14;43,5;155,1
"varon";14,08;43,5;155,7
"hembra";14,08;58;166,9
"varon";14,08;54;170,5
"hembra";14,08;45,5;162,2
"varon";14,08;46,5;159,8
"hembra";14,08;43,5;158,4
"varon";14,08;49,5;157,1
"varon";14,08;48,5;170,7
"varon";14,08;74;165,2
"varon";14,08;50,5;158,6
"hembra";14,08;48;151,5
"hembra";14,08;47;151,9
"varon";14,08;40,5;146,9
"varon";14,08;60;166,8
"varon";14,08;44;161,8
"hembra";14,08;65;149,5
"varon";14,08;40,5;161,2
"varon";14,08;56,5;171,4
"varon";14,17;52,5;162,8
"varon";14,17;37;155,2
"varon";14,17;41,5;153
"varon";14,17;47;153,7
"varon";14,17;55,5;170,8
"hembra";14,17;43;154,7
"varon";14,17;74,5;175,1
"hembra";14,17;54;159,6
"varon";14,17;35,5;147,8
"varon";14,17;50;161,1
"varon";14,17;48;163,7
"hembra";14,17;53;162
"hembra";14,17;51,5;157,6
"varon";14,17;58;168,4
"hembra";14,17;53;161,9
"varon";14,17;47;160,5
"hembra";14,17;49;155,8
"varon";14,25;42;152,6
"varon";14,25;55;156
"varon";14,25;47;154,7
"hembra";14,25;43,5;149,5
"varon";14,25;50,5;164,3
"hembra";14,25;49;154,5
"varon";14,25;53;169,8
"varon";14,25;44;157,5
"hembra";14,25;53,5;161,5
"varon";14,25;66,5;174,4
"hembra";14,25;44;152,8
"hembra";14,25;56;168
"hembra";14,25;58;154
"varon";14,25;61,5;165,4
"varon";14,25;55;165
"varon";14,25;56;168,7
"hembra";14,25;49,5;150,4
"varon";14,25;47;156,4
"hembra";14,25;48,5;159,8
"varon";14,25;45;156,4
"hembra";14,33;60;164,1
"varon";14,33;48,5;163,1
"varon";14,33;69,5;171,5
"hembra";14,33;57;156,2
"varon";14,33;47,5;160,3
"hembra";14,33;65,5;161,6
"varon";14,33;57;164,5
"varon";14,33;50;159,7
"varon";14,33;52,5;156,5
"varon";14,33;64,5;174,6
"varon";14,33;42,5;162
"varon";14,33;39;155,5
"hembra";14,33;51,5;160,1
"hembra";14,33;54;156,6
"varon";14,33;42;155,5
"varon";14,33;58;177,7
"varon";14,33;48,5;164,2
"varon";14,42;71;169,3
"hembra";14,42;50,5;155,8
"varon";14,42;51;166,6
"varon";14,42;60;169,8
"hembra";14,42;50;154,6
"varon";14,42;61;163
"hembra";14,42;45;151,5
"varon";14,42;63;176,9
"hembra";14,42;49;158,7
"varon";14,42;58;165,9
"hembra";14,42;57;154,4
"varon";14,42;45;148,6
"hembra";14,42;61;168,4
"varon";14,42;54;175
"hembra";14,42;59,5;161,8
"varon";14,42;60;168,1
"hembra";14,42;49;157,2
"varon";14,42;67;173,7
"hembra";14,42;58;157,7
"varon";14,42;44,5;154
"hembra";14,42;43,5;156,2
"hembra";14,42;50;158,1
"varon";14,5;52;173,5
"hembra";14,5;47,5;165,9
"varon";14,5;69;177,8
"varon";14,5;60;162
"hembra";14,5;48,5;154,5
"varon";14,5;66;166,7
"hembra";14,5;58;149,8
"varon";14,5;55;155
"varon";14,5;64;174,5
"hembra";14,5;61;168
"hembra";14,5;47;153,5
"hembra";14,5;59;153,6
"hembra";14,5;45,5;164,4
"hembra";14,5;63,5;162
"varon";14,5;75;177,1
"hembra";14,5;52,5;157,4
"varon";14,5;56;168,7
"hembra";14,5;60;174
"varon";14,5;55;168,8
"varon";14,5;46;158,5
"varon";14,5;53;171
"hembra";14,5;50;158,3
"hembra";14,5;53;169,5
"varon";14,58;45;171,8
"hembra";14,58;52;153
"varon";14,58;50;159,4
"varon";14,58;69;169,7
"hembra";14,58;56,5;156,1
"hembra";14,58;56;159,5
"varon";14,58;58,5;163,7
"varon";14,58;54,5;171,3
"varon";14,58;59;168,5
"hembra";14,58;59,5;162,5
"hembra";14,58;52,5;151,9
"varon";14,58;56;165,3
"hembra";14,58;46,5;156,1
"varon";14,58;40;158,2
"hembra";14,58;57,5;156,9
"hembra";14,58;56;161,1
"hembra";14,58;48;153,8
"hembra";14,58;48,5;160,5
"hembra";14,58;59;153,3
"varon";14,58;42;158,5
"varon";14,58;53;162,2
"hembra";14,58;44,5;161,1
"varon";14,58;50;167,7
"varon";14,58;53,5;174,5
"varon";14,58;84;169,9
"varon";14,58;47;165,5
"varon";14,58;43,5;159
"hembra";14,58;68;161,3
"hembra";14,67;51;163,1
"hembra";14,67;56,5;158,7
"varon";14,67;45;162,9
"hembra";14,67;53,5;157,8
"varon";14,67;66;165
"varon";14,67;64;177,1
"varon";14,67;55;161,8
"varon";14,67;59;166,3
"varon";14,67;68,5;171,5
"hembra";14,67;40;158,6
"varon";14,67;53,5;166,4
"hembra";14,67;49;161,7
"hembra";14,67;51,5;158,3
"hembra";14,67;54;165,4
"varon";14,67;35;150,3
"varon";14,67;59;168,8
"hembra";14,67;68;162,6
"hembra";14,67;53,5;156,1
"hembra";14,67;71;164,6
"varon";14,67;54,5;166,5
"hembra";14,67;47,5;157,7
"varon";14,67;66;165
"varon";14,67;78;168,8
"hembra";14,67;48,5;156,3
"hembra";14,75;59;155,5
"hembra";14,75;51,5;160,4
"hembra";14,75;74,5;165,8
"varon";14,75;77;169,8
"hembra";14,75;47;162
"hembra";14,75;46;160,6
"hembra";14,75;44,5;151,4
"hembra";14,75;54,5;156
"hembra";14,75;49;151,9
"hembra";14,75;64;158
"varon";14,75;70;180,9
"varon";14,75;69;169,9
"hembra";14,75;53,5;161,8
"hembra";14,75;37,5;151,3
"hembra";14,75;55;162,8
"hembra";14,75;42;157,5
"varon";14,75;49;159,6
"hembra";14,75;54;168,5
"varon";14,75;51,5;164,9
"hembra";14,75;54;160,9
"hembra";14,75;49,5;156,5
"varon";14,75;63,5;176,9
"hembra";14,75;42;156,5
"varon";14,75;50;161,5
"hembra";14,75;45;162,4
"hembra";14,83;56,5;155,4
"varon";14,83;57,5;172
"hembra";14,83;48;153,5
"varon";14,83;39,5;157,1
"hembra";14,83;50;162,9
"varon";14,83;55,5;166,8
"hembra";14,83;53,5;156,5
"varon";14,83;54;159,7
"hembra";14,83;53;168,8
"hembra";14,83;50;164
"hembra";14,83;53,5;147,8
"varon";14,83;48,5;156,5
"varon";14,83;50;166,8
"hembra";14,83;50,5;153,8
"hembra";14,83;57,5;158,7
"varon";14,83;49,5;158
"varon";14,83;65;168,8
"varon";14,83;55;166,2
"varon";14,83;40;159,2
"varon";14,83;54;167,7
"varon";14,83;57;167,4
"hembra";14,83;61;156,5
"varon";14,83;55;174,6
"hembra";14,83;60;164,6
"hembra";14,83;49,5;160,4
"hembra";14,83;59;161,4
"varon";14,83;71;177,1
"varon";14,83;60;163,3
"varon";14,83;52;161,8
"varon";14,83;68;172,5
"hembra";14,83;57;163,5
"hembra";14,83;57,5;162,9
"varon";14,92;59;180,1
"hembra";14,92;61;163,5
"hembra";14,92;53;163,1
"hembra";14,92;47;152
"varon";14,92;66;179,2
"hembra";14,92;62;161
"hembra";14,92;53;161,3
"hembra";14,92;70,5;163,2
"varon";14,92;57;168,8
"varon";14,92;57,5;166,8
"varon";14,92;64,5;171,8
"hembra";14,92;65,5;160
"varon";14,92;56,5;159
"varon";14,92;60;162,7
"varon";14,92;62;158,6
"varon";14,92;68;169,2
"varon";14,92;63;173
"varon";14,92;55;161,9
"hembra";14,92;44,5;153,5
"varon";14,92;61,5;180,1
"hembra";14,92;55;153,5
"hembra";14,92;45;151
"varon";14,92;58;171,3
"varon";14,92;72;177,3
"varon";14,92;61,5;168,5
"hembra";14,92;51;156,3
"varon";14,92;70;175,8
"hembra";14,92;54,5;154,3
"varon";14,92;71;176,8
"hembra";14,92;51,5;157,3
"varon";14,92;71,5;172
"varon";15;53;167,8
"hembra";15;46;154,6
"varon";15;49,5;162,9
"hembra";15;55,5;165,5
"varon";15;55,5;169,4
"varon";15;53;164,6
"hembra";15;59;163
"varon";15;54;157,1
"hembra";15;50,5;162,2
"varon";15;51;149,4
"varon";15;53;168
"hembra";15;53,5;159,9
"hembra";15;50,5;161,5
"varon";15;57,5;164,3
"varon";15;55;166,9
"varon";15;54;166,6
"varon";15;59,5;164,5
"varon";15;59;169
"hembra";15;52;152,8
"hembra";15;53;156
"hembra";15;51,5;157,1
"hembra";15;51;156,4
"hembra";15;57,5;170,4
"varon";15;64;173,8
"varon";15;56,5;165,5
"varon";15;63,5;176,3
"hembra";15;67,5;161
"varon";15;65,5;172,8
"varon";15;61,5;178,9
"hembra";15;54;155,4
"varon";15;63;167
"hembra";15;52,5;160,6
"hembra";15;44;153
"varon";15,08;71;171,9
"hembra";15,08;56;160,6
"varon";15,08;64;171,6
"hembra";15,08;47,5;160,7
"varon";15,08;58;163,8
"varon";15,08;54;169,7
"hembra";15,08;54;164,5
"varon";15,08;60,5;167,5
"varon";15,08;51;165,4
"varon";15,08;56,5;170,4
"varon";15,08;65;176,9
"hembra";15,08;56,5;163,2
"hembra";15,08;63,5;167,5
"varon";15,08;74,5;170,5
"hembra";15,08;50,5;158,7
"hembra";15,08;58;162
"hembra";15,08;58,5;154,9
"varon";15,08;52,5;161,1
"varon";15,08;72;172,8
"hembra";15,08;61;168,4
"hembra";15,08;59,5;156
"hembra";15,08;60;171,7
"varon";15,08;51;158,8
"hembra";15,08;37,5;149,9
"hembra";15,08;48,5;155,4
"hembra";15,08;58;164,5
"hembra";15,08;68,5;163,3
"varon";15,08;56;153,5
"varon";15,08;39;149,2
"hembra";15,08;53;167,2
"varon";15,08;55;164,9
"hembra";15,08;52,5;161
"hembra";15,08;59,5;165
"hembra";15,08;53;165,5
"varon";15,08;69;177,3
"varon";15,08;55;168,1
"varon";15,08;58,5;170,6
"hembra";15,08;53,5;161,7
"hembra";15,17;61;162,7
"hembra";15,17;56;157
"varon";15,17;50;170,7
"hembra";15,17;48,5;161,8
"hembra";15,17;55;159
"hembra";15,17;67;168,1
"hembra";15,17;47;149,6
"hembra";15,17;57;158,8
"varon";15,17;48;157,4
"varon";15,17;50;166,8
"varon";15,17;41;156,8
"hembra";15,17;50;163,1
"varon";15,17;61;171
"varon";15,17;63;158,1
"hembra";15,17;47;156,7
"varon";15,17;55;170
"varon";15,17;46;159,4
"hembra";15,17;45,5;154,3
"hembra";15,17;51;159,1
"varon";15,17;53,5;163
"varon";15,17;65;172,1
"varon";15,17;63,5;165,3
"varon";15,17;77;165,9
"varon";15,17;62,5;168
"hembra";15,17;54;159,4
"hembra";15,17;54;155,6
"hembra";15,17;57;162,5
"varon";15,17;55;158,5
"hembra";15,17;52,5;158,5
"varon";15,25;56;166
"hembra";15,25;51;157,3
"varon";15,25;67;172,5
"varon";15,25;57,5;167,7
"hembra";15,25;61;155
"hembra";15,25;50;155,5
"varon";15,25;80;170
"varon";15,25;58,5;168,5
"varon";15,25;75;167,8
"hembra";15,25;55;163,2
"varon";15,25;52;168
"hembra";15,25;52,5;154
"varon";15,25;62,5;172,2
"varon";15,25;69,5;176
"varon";15,25;63;161,2
"hembra";15,25;46;157,1
"varon";15,25;51;147,5
"varon";15,25;48,5;162,5
"hembra";15,25;45,5;160,7
"varon";15,25;51,5;161,5
"varon";15,25;40;151,4
"hembra";15,25;45;148,5
"hembra";15,25;51,5;169,2
"varon";15,25;60;165,1
"varon";15,25;45,5;159,5
"hembra";15,25;61;161,7
"hembra";15,25;53;154,5
"hembra";15,25;45;158,9
"varon";15,25;60;175,1
"varon";15,25;53,5;164,5
"varon";15,25;67;169,5
"varon";15,25;58;151,8
"hembra";15,25;45;151,6
"hembra";15,33;52;159,2
"hembra";15,33;80;179,5
"varon";15,33;60;170,7
"varon";15,33;44;155,1
"varon";15,33;62,5;165,6
"hembra";15,33;54,5;162,6
"varon";15,33;60;167,9
"hembra";15,33;48;161,6
"varon";15,33;58,5;167
"varon";15,33;54;162,5
"hembra";15,33;55;155,1
"varon";15,33;47,5;158,2
"varon";15,33;55;167,7
"hembra";15,33;49;157,2
"hembra";15,33;42;158,2
"varon";15,33;61,5;173,4
"hembra";15,33;59;163,4
"hembra";15,33;57;159,5
"varon";15,33;57,5;171,1
"hembra";15,33;52;167,3
"hembra";15,33;54;160,5
"varon";15,33;50,5;170,6
"hembra";15,33;58;159,1
"varon";15,33;63,5;181,2
"varon";15,33;57,5;175,6
"varon";15,33;53;167
"varon";15,42;58;173,5
"hembra";15,42;50,5;161,7
"hembra";15,42;57;156,1
"varon";15,42;53;164,9
"hembra";15,42;60;169,4
"hembra";15,42;68;173,2
"varon";15,42;70;176,5
"varon";15,42;56;176,5
"varon";15,42;59,5;174,3
"varon";15,42;69,5;171,5
"varon";15,42;70;175,7
"varon";15,42;66;173,5
"varon";15,42;56;168,4
"hembra";15,42;50,5;156,2
"varon";15,42;51;165,6
"varon";15,42;69;164,5
"hembra";15,42;51;156
"varon";15,42;70,5;177
"hembra";15,42;64;166,7
"hembra";15,42;49,5;154,2
"varon";15,42;51;171,2
"varon";15,5;61;168,2
"hembra";15,5;48,5;154,6
"varon";15,5;55;173,3
"hembra";15,5;51;156,5
"varon";15,5;47;158,1
"hembra";15,5;48,5;160
"varon";15,5;70;176,4
"varon";15,5;55;170,8
"hembra";15,5;54;158,3
"varon";15,5;75,5;179,2
"hembra";15,5;53,5;159,5
"hembra";15,5;59,5;160,7
"hembra";15,5;50,5;157
"varon";15,5;62,5;163,4
"varon";15,5;65;177,6
"varon";15,5;73;180,1
"hembra";15,5;48,5;164,6
"hembra";15,5;66,5;173
"varon";15,5;53,5;161,6
"varon";15,5;67;179
"hembra";15,5;52;166
"hembra";15,5;47;154,4
"varon";15,5;63,5;179,2
"varon";15,5;66;177,4
"hembra";15,5;56;164,6
"varon";15,5;58;168,9
"hembra";15,5;51,5;159,4
"hembra";15,58;51;160,6
"hembra";15,58;62,5;159,7
"varon";15,58;48,5;166,7
"hembra";15,58;57;160,7
"hembra";15,58;50;159,5
"varon";15,58;44,5;162,7
"hembra";15,58;51,5;160,3
"varon";15,58;59;165,3
"varon";15,58;79;170,2
"hembra";15,58;62;161
"hembra";15,58;64;159,5
"hembra";15,58;60;153,5
"hembra";15,58;57,5;158,8
"varon";15,58;64,5;176
"varon";15,58;54,5;168,2
"varon";15,58;58;152
"varon";15,58;56;175,6
"hembra";15,58;55;165,5
"hembra";15,58;48;150,3
"varon";15,58;78,5;180,1
"varon";15,58;63,5;181,9
"hembra";15,58;59;159,3
"varon";15,58;51,5;170,2
"hembra";15,58;44;159,3
"hembra";15,58;60,5;160,7
"hembra";15,58;52;160,3
"hembra";15,58;46;147,7
"varon";15,58;60;162,6
"varon";15,58;55;167,1
"varon";15,58;60,5;178,9
"hembra";15,58;64;167,8
"hembra";15,67;58;161,4
"varon";15,67;74;178,2
"varon";15,67;71;177,7
"varon";15,67;61;161,5
"hembra";15,67;45,5;156
"varon";15,67;64,5;184,7
"hembra";15,67;47,5;154,7
"varon";15,67;49;166,3
"varon";15,67;58;166,8
"varon";15,67;53,5;170,1
"hembra";15,67;43,5;155,2
"hembra";15,67;51;153,9
"hembra";15,67;56;161,5
"hembra";15,67;47;159,6
"varon";15,67;43,5;155,5
"varon";15,75;71;164,7
"hembra";15,75;62,5;163,5
"hembra";15,75;56;160,6
"varon";15,75;64,5;166
"varon";15,75;58;176,4
"hembra";15,75;51;156,5
"hembra";15,75;68;165,5
"varon";15,75;74,5;178,1
"hembra";15,75;58,5;158,9
"varon";15,75;64;168,2
"varon";15,75;76,5;170,7
"varon";15,75;68;175,5
"varon";15,75;65,5;175,1
"hembra";15,75;54,5;164,8
"varon";15,75;57;182,7
"hembra";15,75;57;163,8
"varon";15,75;73,5;182,1
"varon";15,75;65;174,4
"hembra";15,75;51;154,3
"varon";15,75;55;175,7
"hembra";15,75;53;157,1
"varon";15,75;62;171
"hembra";15,75;62,5;172
"hembra";15,75;59;159,9
"hembra";15,75;50;157,9
"varon";15,75;60;173
"varon";15,75;71;177,5
"hembra";15,75;55,5;158,2
"varon";15,75;50;166,9
"hembra";15,75;50,5;149,8
"varon";15,83;63;174,7
"varon";15,83;55;163,1
"hembra";15,83;67;178,3
"hembra";15,83;49;160,3
"varon";15,83;63;178,8
"varon";15,83;74,5;187,4
"varon";15,83;51,5;172,2
"varon";15,83;55,5;169,3
"hembra";15,83;56;160
"hembra";15,83;64;161,2
"hembra";15,83;48,5;151,8
"hembra";15,83;38;151,6
"hembra";15,83;47,5;157,9
"varon";15,83;63,5;155,8
"hembra";15,83;52;162,9
"varon";15,83;68;172,7
"hembra";15,83;66,6;157,2
"hembra";15,83;52;152,9
"hembra";15,83;45,5;155,6
"varon";15,83;86;180,4
"varon";15,83;69,5;178
"varon";15,83;55;160,4
"hembra";15,83;59;168
"varon";15,83;65;176,4
"varon";15,83;50;158,5
"varon";15,83;61;177,4
"varon";15,83;58;178
"hembra";15,83;51,5;154,2
"hembra";15,92;54,5;162,2
"varon";15,92;61,5;177,5
"varon";15,92;78;171,2
"hembra";15,92;55;160,7
"hembra";15,92;56,5;164,6
"hembra";15,92;60;174,5
"hembra";15,92;61,5;163,1
"varon";15,92;51;161,4
"hembra";15,92;61;161,1
"hembra";15,92;55;166,6
"varon";15,92;74,5;183,1
"hembra";15,92;54,5;152,2
"hembra";15,92;48;160,9
"varon";15,92;55,5;169,8
"varon";15,92;72;188,8
"varon";15,92;76;176
"hembra";15,92;70;177,4
"varon";15,92;50,5;164,7
"varon";15,92;63;169,6
"hembra";15,92;53,5;156
"hembra";15,92;58;156,6
"varon";15,92;67,5;184,3
"varon";15,92;67,5;171,4
"varon";15,92;66;179,8
"varon";16;72;164,1
"hembra";16;52;158,7
"hembra";16;43,5;151,6
"hembra";16;52;164,4
"varon";16;50,5;168,2
"varon";16;63;164,5
"hembra";16;61;163,3
"varon";16;74;177,2
"hembra";16;55,5;166,3
"hembra";16;46,5;157,5
"varon";16;63,5;169,7
"hembra";16;64;169,8
"varon";16;41;149,5
"hembra";16;45,5;162
"varon";16;55,5;177,9
"hembra";16;50,9;155,4
"varon";16;70;173,3
"varon";16,08;59,5;172,3
"hembra";16,08;55;154,4
"varon";16,08;56;172,8
"hembra";16,08;43;151,1
"hembra";16,08;48;151,4
"hembra";16,08;50;165,7
"varon";16,08;74,5;183
"hembra";16,08;49;152,4
"varon";16,08;52,5;162,8
"hembra";16,08;51;163,5
"varon";16,08;69;171,5
"varon";16,08;68;177,4
"hembra";16,08;57,5;173,1
"varon";16,08;63,3;181,8
"hembra";16,08;46,5;155,2
"hembra";16,08;61,5;167
"hembra";16,08;51,5;162,2
"varon";16,08;72;172,5
"varon";16,08;60;165,4
"varon";16,08;52;169,5
"hembra";16,08;64,5;162,2
"hembra";16,08;56;164,6
"hembra";16,08;51,5;163,8
"varon";16,08;62;178
"varon";16,08;71,5;186,8
"hembra";16,08;43;154,6
"varon";16,08;60,5;171,2
"hembra";16,08;60;148,7
"varon";16,08;58;171,6
"hembra";16,08;47;157,9
"varon";16,08;60;170,4
"varon";16,08;61,5;172,1
"hembra";16,08;62;163,4
"varon";16,08;81;179,4
"varon";16,17;66,5;178,2
"hembra";16,17;59;173,4
"hembra";16,17;56;165,5
"varon";16,17;50;157
"varon";16,17;57,5;171
"varon";16,17;57,5;169,2
"varon";16,17;56;175,7
"varon";16,17;53,5;163,5
"hembra";16,17;51;158,6
"varon";16,17;55,5;167,8
"varon";16,17;88;183,9
"varon";16,17;89;173,7
"varon";16,17;50,5;168,4
"varon";16,17;58;159
"varon";16,17;67;167,1
"hembra";16,17;66;163,9
"hembra";16,17;63;158,2
"hembra";16,17;58;156,1
"hembra";16,17;39,5;148,2
"hembra";16,17;41,5;150,6
"varon";16,17;80;170,8
"hembra";16,17;41,5;149
"hembra";16,17;54;156,5
"varon";16,17;65;171,1
"hembra";16,17;51,5;166,2
"varon";16,17;73;179,8
"varon";16,17;76,5;177,5
"varon";16,17;63;181,7
"varon";16,17;69;176,6
"varon";16,17;65;167,9
"hembra";16,17;46,5;148,3
"varon";16,25;57;160,6
"varon";16,25;50;166
"hembra";16,25;57;155,5
"hembra";16,25;50;163,6
"varon";16,25;71;174
"hembra";16,25;51,5;164,7
"hembra";16,25;51;159,4
"varon";16,25;75;176
"hembra";16,25;55;163,7
"varon";16,25;64,5;171,1
"hembra";16,25;59;160,8
"hembra";16,25;51;156,6
"hembra";16,25;49,5;158,7
"varon";16,25;71;173,7
"hembra";16,25;55,5;157,6
"hembra";16,25;48;159,7
"varon";16,25;40,5;169,5
"varon";16,25;62,5;182
"varon";16,25;56;177,7
"varon";16,25;40,5;169,5
"hembra";16,25;43;152,7
"hembra";16,25;41;146,9
"varon";16,33;65;176,3
"hembra";16,33;55,5;162,4
"hembra";16,33;52;161,3
"hembra";16,33;55,5;152,4
"hembra";16,33;56;163,3
"hembra";16,33;47,5;152,3
"varon";16,33;59;170,5
"varon";16,33;61;167,1
"hembra";16,33;46;159,8
"hembra";16,33;65;172,5
"hembra";16,33;50,5;153,5
"varon";16,33;55;170,5
"varon";16,33;62;172,1
"varon";16,33;74,5;171,1
"varon";16,33;55;169,1
"varon";16,33;61;176,4
"hembra";16,33;55;160,8
"hembra";16,33;69,5;160,5
"varon";16,33;65;173,9
"varon";16,33;52;165,7
"varon";16,42;60;176,7
"hembra";16,42;54;157,8
"hembra";16,42;49;166,5
"varon";16,42;57;170,7
"hembra";16,42;50;153,7
"varon";16,42;65;164,7
"varon";16,42;64,5;171
"varon";16,42;63;183,1
"varon";16,42;62;167,4
"hembra";16,42;72,5;169,8
"hembra";16,42;48,5;165,4
"varon";16,42;61;177,6
"varon";16,42;72,5;183,1
"hembra";16,42;54;164,6
"varon";16,42;60;165
"hembra";16,42;51;159,8
"varon";16,42;64;176,5
"varon";16,42;53;160,5
"varon";16,42;60;175,3
"varon";16,42;58,5;171,3
"hembra";16,42;46;165
"hembra";16,42;51,5;159,4
"varon";16,42;58;169,1
"hembra";16,5;56,5;163
"varon";16,5;59;175,6
"hembra";16,5;52;163,2
"varon";16,5;51;167
"hembra";16,5;51;161,7
"hembra";16,5;61;161,2
"varon";16,5;68;180,3
"hembra";16,5;48,5;167,7
"hembra";16,5;51,5;166,6
"hembra";16,5;51,5;158,3
"varon";16,5;41;154,7
"hembra";16,5;55;160
"varon";16,5;76;172,8
"hembra";16,5;59;160,3
"varon";16,5;59;164
"varon";16,5;84;183,1
"hembra";16,5;44,5;162,8
"hembra";16,5;51,5;163,3
"varon";16,5;64,5;170,3
"varon";16,5;66;176,6
"varon";16,5;60;168,5
"varon";16,5;78;177,2
"varon";16,58;55;167,4
"hembra";16,58;60;164,5
"varon";16,58;57;176,8
"varon";16,58;76;176,7
"varon";16,58;60;169,7
"varon";16,58;68;185,8
"hembra";16,58;61;162,5
"varon";16,58;59;164,2
"hembra";16,58;65,5;164,4
"varon";16,58;66,5;173,8
"hembra";16,58;48;157,5
"hembra";16,58;60;158,5
"varon";16,58;71;178,7
"varon";16,58;72,5;175
"hembra";16,58;52;162,3
"hembra";16,58;69,5;168,8
"varon";16,58;70;175
"hembra";16,58;50;163,4
"varon";16,58;66,5;169,2
"varon";16,58;69;172,7
"hembra";16,58;50;159,1
"hembra";16,58;40,5;154,6
"varon";16,58;68;181
"varon";16,67;61,5;175,5
"varon";16,67;55;171,6
"hembra";16,67;51;150,8
"varon";16,67;74,5;176,4
"hembra";16,67;51;162,3
"hembra";16,67;54,5;159,2
"hembra";16,67;49,5;158,7
"hembra";16,67;48;161,7
"varon";16,67;75;174,5
"hembra";16,67;54,5;158,2
"varon";16,67;68,5;168
"varon";16,67;64;180,4
"varon";16,67;72;185,4
"varon";16,67;65;166,5
"varon";16,67;66,5;178,5
"hembra";16,67;56;159,1
"hembra";16,67;52,5;157,9
"varon";16,67;64;178,2
"hembra";16,67;49;159,3
"hembra";16,67;52,5;147,7
"hembra";16,67;49;155,6
"hembra";16,67;53;157
"hembra";16,67;54;159,8
"hembra";16,67;59;165,3
"hembra";16,67;51;162,1
"varon";16,67;53;158,9
"hembra";16,67;49;153,4
"hembra";16,67;53,5;159,1
"varon";16,67;50;171,1
"varon";16,75;65;171,2
"varon";16,75;60;165,8
"hembra";16,75;59,5;172,5
"varon";16,75;91,5;177,8
"varon";16,75;65;166,2
"varon";16,75;85;174,3
"varon";16,75;63,5;171,6
"varon";16,75;64;169,5
"varon";16,75;73,5;171
"varon";16,75;73;171,7
"hembra";16,75;50;163,7
"hembra";16,75;46;147,8
"varon";16,75;76,5;171,4
"varon";16,75;74,5;167,1
"varon";16,75;76;177,9
"hembra";16,75;70;170,9
"hembra";16,75;52;162,4
"varon";16,75;70;174,8
"varon";16,75;90;176,3
"varon";16,75;68,5;173,9
"varon";16,75;61,5;167,8
"varon";16,75;75;181,4
"varon";16,83;65;181,6
"varon";16,83;52;170,3
"varon";16,83;56;169,2
"hembra";16,83;59;169,4
"hembra";16,83;50;162,9
"hembra";16,83;69;169
"hembra";16,83;50;160,2
"hembra";16,83;58,5;158,8
"hembra";16,83;58;179,1
"varon";16,83;75,2;187,2
"hembra";16,83;60;160,7
"hembra";16,83;64;171,9
"hembra";16,83;75;156
"hembra";16,83;59,1;164,3
"varon";16,92;85,5;178,6
"varon";16,92;57,5;168,4
"varon";16,92;68;182,5
"varon";16,92;72,5;180,3
"hembra";16,92;52;158,5
"varon";16,92;68;174,8
"hembra";16,92;51,5;163,3
"hembra";16,92;72;159,6
"varon";16,92;81;178,3
"varon";16,92;45;156,1
"varon";16,92;60,5;171,1
"hembra";16,92;56,5;158,3
"varon";16,92;64;174,5
"varon";16,92;63,5;171
"varon";16,92;77;183
"varon";16,92;66,5;177,8
"hembra";16,92;51;158,2
"hembra";16,92;61;161,6
"varon";17;61,5;171,6
"hembra";17;54,5;161,6
"hembra";17;47,5;156,7
"varon";17;71;178,3
"hembra";17;62;171,1
"hembra";17;62,5;165,5
"hembra";17;54;164,9
"hembra";17;58;170,9
"hembra";17;58;167,1
"hembra";17;57,5;161,3
"varon";17;65;180,8
"varon";17;61,5;170,3
"varon";17;64;174,5
"varon";17;66,5;174,6
"hembra";17;54,5;156,1
"varon";17;72;181,3
"varon";17;52,5;168
"hembra";17;61,5;170
"varon";17;60;179,1
"varon";17;77,5;183,1
"hembra";17;57,5;158,2
"hembra";17;55;163,7
"varon";17;73,5;170,7
"varon";17;62;168,6
"hembra";17;55;165,5
"varon";17;73;167,8
"varon";17;61;160,5
"hembra";17;60,5;160
"hembra";17,08;51;157,7
"varon";17,08;71,5;178,5
"varon";17,08;66,5;172,4
"hembra";17,08;54;147,8
"hembra";17,08;57,5;157,3
"varon";17,08;59,5;171,4
"varon";17,08;61;169,3
"varon";17,08;84,8;169,4
"varon";17,08;65;174
"varon";17,08;55;171,7
"varon";17,08;79;181,2
"varon";17,08;63,5;168,3
"hembra";17,08;58,5;157,8
"varon";17,08;73,5;183,1
"varon";17,08;93;178,6
"varon";17,08;73;173,2
"varon";17,17;61,5;171,5
"varon";17,17;70;183,8
"varon";17,17;72;187,5
"hembra";17,17;46,5;158,3
"varon";17,17;73;167,2
"varon";17,17;74;171,3
"hembra";17,17;59;166,6
"varon";17,17;68;175,1
"hembra";17,17;46,5;153,6
"hembra";17,17;66;164,3
"hembra";17,17;61,5;164,3
"hembra";17,17;63;155,9
"hembra";17,17;65,5;153,3
"hembra";17,17;59;153,4
"varon";17,17;65;169,2
"varon";17,17;69,5;176,9
"hembra";17,17;65;165,2
"hembra";17,17;75;159,6
"hembra";17,17;59;160,8
"varon";17,17;64;176,7
"hembra";17,17;53;168,4
"varon";17,17;54;165,8
"varon";17,25;86;178,6
"varon";17,25;69;174
"varon";17,25;57;164
"varon";17,25;67;178,7
"hembra";17,25;74;163
"varon";17,25;62;182,6
"hembra";17,25;68,5;174,7
"varon";17,25;75,5;175,1
"varon";17,25;53;167,6
"varon";17,25;65;175,7
"varon";17,25;66;178,7
"hembra";17,25;59,5;169,3
"hembra";17,25;52,5;160,2
"varon";17,33;76;179
"varon";17,33;51;161,4
"hembra";17,33;54;161,7
"hembra";17,33;53,5;156,4
"varon";17,33;80;177,5
"hembra";17,33;59;165,5
"varon";17,33;88;184
"varon";17,33;71;175,7
"hembra";17,33;59,5;159,5
"hembra";17,33;53,5;156,8
"varon";17,33;62,5;167,2
"varon";17,33;70;175,5
"hembra";17,33;57,5;150,5
"hembra";17,33;50;160,1
"varon";17,33;65;175,2
"hembra";17,33;30;127,7
"varon";17,42;63;171
"hembra";17,42;52;164,1
"varon";17,42;71,5;180,5
"hembra";17,42;53;153
"hembra";17,42;44;151,1
"varon";17,42;50,5;162,6
"hembra";17,42;59;165,9
"hembra";17,42;55;162,5
"varon";17,42;82,5;173,3
"hembra";17,42;51;154,6
"hembra";17,5;47;165,5
"hembra";17,5;61;164,4
"varon";17,5;66,5;173,7
"hembra";17,5;48,5;150,8
"varon";17,5;62;174,7
"varon";17,5;75,5;171,9
"hembra";17,5;55;148,8
"hembra";17,5;55;168,3
"hembra";17,5;49;170,4
"varon";17,5;76;169,5
"hembra";17,5;54;154,3
"hembra";17,5;60;168,3
"varon";17,58;78;182,2
"varon";17,58;72,5;173,6
"varon";17,58;68;168
"varon";17,58;60;165,7
"varon";17,58;69;173,2
"hembra";17,58;54;154,9
"hembra";17,58;51;163,2
"hembra";17,58;49;154,3
"hembra";17,58;65,5;166,2
"hembra";17,58;59;168,5
"hembra";17,58;59;164,2
"varon";17,58;55;166,4
"varon";17,58;60;178
"hembra";17,67;51;161,7
"hembra";17,67;70,5;165,6
"hembra";17,67;47,5;157,4
"hembra";17,67;60;156
"varon";17,67;67;184,1
"hembra";17,67;55,5;168,7
"varon";17,67;56;175,5
"hembra";17,67;58,5;158,3
"hembra";17,67;59;163,2
"varon";17,67;62;164,5
"hembra";17,67;54;156,1
"hembra";17,67;56;166,5
"varon";17,67;60;170,8
"varon";17,67;72;179
"hembra";17,67;49;158
"hembra";17,75;58;170,3
"hembra";17,75;59,5;165,3
"varon";17,75;64;172,4
"varon";17,75;78;179,3
"varon";17,75;78;173,6
"varon";17,75;70;180
"varon";17,75;71;180,7
"hembra";17,75;59,5;168,3
"hembra";17,83;60;166,4
"varon";17,83;64;170
"hembra";17,83;50;161,6
"varon";17,83;64,5;173,9
"hembra";17,83;56;156
"hembra";17,83;49;152,9
"varon";17,83;60;170,6
"hembra";17,83;46,5;156,6
"hembra";17,83;47;160
"hembra";17,83;58;154,4
"hembra";17,92;72;155,7
"hembra";17,92;61;172,5
"varon";17,92;66;187,2
"hembra";17,92;51,5;160,7
"varon";17,92;65;169,6
"hembra";17,92;61;162,9
"hembra";17,92;59;163
"varon";17,92;64;167,7
"hembra";17,92;53,5;157,3
"hembra";18;52;152,8
"varon";18;61,5;159,3
"varon";18;64;175,8
"hembra";18;63;166,9
"hembra";18;65;166,7
"varon";18;66;175,8
"hembra";18;56;156,4
"hembra";18;54;161,7
"varon";18;62;166,5
"hembra";18;53,5;163,8
"varon";18;62,5;176,5
"varon";18;61,5;177,3
"varon";18;67,5;171,1
"varon";18;64,5;177,8
"varon";18;71;170,5
"varon";18;70;175,4
"varon";18;53;166,2
"hembra";18;54;168,3
"varon";18,08;86;188,7
"varon";18,08;63;168,5
"varon";18,08;75;183,3
"varon";18,08;77,5;167,6
"varon";18,08;66;162,5
"varon";18,08;67;175,6
"varon";18,08;55;164,6
"varon";18,08;67;176,6
"varon";18,08;60;171,3
"varon";18,08;67,5;172,2
"varon";18,08;78;178,1
"hembra";18,08;45;154,2
"hembra";18,17;73;166,4
"varon";18,17;74;184,3
"hembra";18,17;61,5;174,5
"varon";18,17;87;173,7
"hembra";18,17;54;159,1
"varon";18,17;61;171
"hembra";18,17;36;148,7
"hembra";18,17;55;157
"hembra";18,17;49;157,5
"hembra";18,17;49,5;163,7
"varon";18,17;60,2;179,6
"varon";18,25;65,5;178,5
"hembra";18,25;56;161,2
"varon";18,25;70;185,6
"varon";18,25;90;175
"hembra";18,25;66,5;169,5
"hembra";18,25;51;158,9
"hembra";18,25;49;157,7
"varon";18,25;65;182,6
"hembra";18,25;51;166,4
"varon";18,25;70;184,9
"varon";18,25;64,5;174,6
"varon";18,33;67;174,2
"hembra";18,33;47,5;161,3
"varon";18,33;66,5;175,3
"hembra";18,33;63;164,3
"varon";18,33;69,5;167,5
"varon";18,33;66;177,7
"hembra";18,42;54;162
"hembra";18,42;51;163,6
"hembra";18,42;42;154,7
"varon";18,42;66;177
"varon";18,42;81,5;179,1
"hembra";18,42;54;154,5
"hembra";18,42;56;153,6
"hembra";18,42;59,5;166,1
"hembra";18,42;49,5;156,7
"varon";18,42;56;166,6
"varon";18,5;60;166,6
"hembra";18,5;48;157
"hembra";18,5;65;162,5
"hembra";18,5;71;158,3
"varon";18,5;75,5;181,4
"varon";18,5;70,5;168,3
"varon";18,5;72,5;175,9
"varon";18,5;65;158,3
"varon";18,5;68,5;175,9
"varon";18,58;74;183,4
"varon";18,58;73;171,7
"hembra";18,58;60;162
"hembra";18,58;47,5;158,5
"varon";18,58;70;158,1
"varon";18,58;75;176,4
"varon";18,58;65,5;169,2
"varon";18,58;67;172
"varon";18,67;52,5;166,9
"hembra";18,67;53;157,1
"hembra";18,67;55;165,9
"varon";18,67;56;171,5
"hembra";18,67;64,5;165,5
"varon";18,75;58,5;175,8
"hembra";18,75;49,5;157,2
"varon";18,75;52;169,4
"hembra";18,75;60;161
"hembra";18,75;65;157,9
"varon";18,75;59,5;166,7
"varon";18,75;56;167,8
"hembra";18,75;54,5;151,9
"varon";18,75;72;173,7
"hembra";18,83;47,5;157,5
"varon";18,83;88;178,7
"hembra";18,83;59;163,3
"hembra";18,83;63;161,7
"varon";18,92;65;173,6
"varon";18,92;62,5;169,3
"hembra";18,92;51;157,9
"hembra";18,92;41,5;152,3
"varon";18,92;60;165
"hembra";19;59,5;157,9
